Zojirushi,象印
Jamo,尊宝
Free Country,自由国度
Nature's Bounty,自然之宝
Nature's Plus,自然加益
Shiseido,资生堂
Dreamgirl,追梦女郎
Jurlique,茱丽
SmartWool,智慧羊毛
Chicco,智高
Sesame Street,芝麻街
Zippo,芝宝
True Religion,真实信仰
Zenith,真力时
Zamberlan,赞贝拉
John Varvatos,约翰瓦维托斯
John Henry,约翰亨利
Source Naturals,源美
Marshal,元帅
Ubisoft,育碧
Olay,玉兰油
Hugo Boss,雨果博斯
Hugo Boss,胡戈波士
D-Link,友讯
Eucerin,优色林
Intel,英特尔
Inglesina,英吉利那
Boogie Board,易写
EMU Australia,依妙
Edox,依度
Isabella's Closet,伊莎贝拉的衣橱
Elizabeth Arden,伊丽莎白雅顿
iLuv,伊艾
LeapFrog Enterprises,叶蛙
Cobra,眼镜蛇
ASICS,亚瑟士
Amazon Curated Collection Read more about holiday,亚马逊公司
Amazon,亚马逊
Avene,雅漾
Estee Lauder,雅诗兰黛
Yamaha,雅马哈
Akai,雅佳
Brother,兄弟
Lucky Brand,幸运品牌
Star Wars,星球大战
Starbucks,星巴克
New Chapter,新章
Samsonite,新秀丽
RoomMates,新同居时代
New Balance,新百伦
Avent,新安怡
Lil Critters,小熊糖
Baby Einstein,小小爱因斯坦
Little Tikes,小泰克
Little Lass,小女子
Little Twig,小嫩枝
CHANEL,香奈儿
Banana Boat,香蕉船
Fruit of the Loom,鲜果布衣
Pioneer,先锋
Sharp,夏普
Hush Puppies,暇步士
Shimano,禧玛诺
Streamlight,溪流之光
Ecko Unltd.,犀牛
Sisley,希思黎
Seagate,希捷
Citizen,西铁城
Western Digital,西部数据
Western Digital,西数
Western Chief,西部主任
Turtle Beach,乌龟海岸
Wolverine,渥弗林
Woolrich,沃尔里奇
Wenger,温格
Earth's Best,味谱
VTech,伟易达
Vivienne Westwood,维维安韦斯特伍德
Vitamix,维他美仕
Visconti,维斯孔蒂
Victorinox,维氏
Weleda,维蕾德
Victorinox Swiss Army,维多利亚瑞士军刀
Victoria's Secret,维多利亚的秘密
Lifefactory,唯乐
MSI,微星
Microsoft,微软
Revell,威望
White Sierra,威氏亚
Westone,威士顿
V-MODA,威摩达
Wrangler,威格
Netgear,网件
Mr. WantDo,王道
Bandai,万代
Montblanc,万宝龙
fineplus,完美助手
Alienware,外星人
CamelBak,驼峰水袋
Tod's,托德斯
Marmot,土拨鼠
TUMI,途米
A.Testoni,铁狮东尼
Audio Technica,铁三角
LeapFrog,跳跳蛙
Timberland,添柏岚
Tissot,天梭
Angel Dear,天使宝宝
Timex,天美时
Denon,天龙音响
Twinlab,天来
Razor,剃须刀
Tamron,腾龙镜头
T-fal,特福
DKNY,唐娜卡伦
Tommy Hilfiger,汤米希尔费格
Tommee Tippee,汤美天地
Tommy Bahama,汤美巴哈马
Tory Burch,汤丽柏琦
Tascam,泰斯康姆
Targus,泰格斯
Carmex,泰奥菲
Tamarac by Slippers International,塔玛拉克
Sony these sellers,索尼唱片
Sony,索尼
Saucony,索康尼
SOG Specialty Knives,索戈
SRAM,速联
Speedo,速比涛
Scotch & Soda,苏格兰苏打
Vulli,苏菲小鹿牙胶
Suunto,颂拓
Panasonic,松下
Swatch,斯沃琪
Stokke,斯托克
Stuart Weitzman,斯图尔特韦茨曼
Skechers,斯凯奇
Scarpa,斯卡帕
STM,斯迪姆
Spalding,斯伯丁
Schleich,思乐
Cisco,思科
Skins,思金斯
Cetaphil,丝塔芙
Shure,舒尔
Serta,舒达
Earth's Best,世界最好
Arc'teryx,始祖鸟
Smith & Wesson,史密斯文森
Square Enix,史克威尔艾尼克斯
Steve Madden,史蒂夫马登
Stanley,史丹利
Stacy Adams,史黛西亚当斯
Swarovski,施华洛世奇 
St. Ives,圣艾芙
Sennheiser,声海 森海塞尔
Garden of Life,生命花园
Despicable Me 2,神偷奶爸2
SureFire,神火
Sunbeam,尚彬
Centrum,善存
SanDisk,闪迪公司
Mountain Hardwear,山浩
adidas Originals,三叶草
adidas Originals,阿迪达斯三叶草
Samsung,三星
7 For All Mankind,赛文弗奥曼德
Circulon,赛克龙
Salvatore Ferragamo,萨瓦托菲拉格慕
Salomon,萨洛蒙
The Sak,萨克
Sag Harbor,萨格港
Lindt,瑞士莲
Swiss+Tech,瑞士科技
Recaro,瑞卡罗
Rebecca Minkoff,瑞贝卡明可弗
Reebok,锐步国际公司
Natrol,芮特
Geneva,日内瓦之声
JVC,日本胜利公司
Nintendo,任天堂
Natural Factors,然自自然
Joe's Jeans,琼斯
Kikkerland,青蛙的国土
GIORGIO ARMANI,乔治阿玛尼
Clinique,倩碧
Scubapro,潜水汇
Jockey,骑师
Clarks,其乐
Chippewa,齐佩瓦
Pre de Provence,普润普斯
Puritan's Pride,普瑞丁
Pullip Dolls,普利普娃娃
Swiss Precimax,普雷西马克斯瑞士表
Prada,普拉达
PureGear,普格尔
Icebreaker,破冰者
Apple these sellers,苹果公司
Apple,苹果
Circle Of Friends,朋友圈
Rachael Ray,烹饪女王
Pulsar,炮萨
Pangea Brands,潘丽雅
Perry Ellis,派瑞艾磊仕
Pyle,派欧
Pelican,派力肯
Duofold,派克世纪
Parker,派克
Pikolinos,派高雁
pediped,派迪派
Palladium,钯
Optimum Nutrition,欧普特蒙
OPI,欧派
Omron,欧姆龙集团
Omega,欧米茄
Oral-B,欧乐B
Orajel,欧乐
L'Oreal,欧莱雅
Oakley,欧克利
BCBGeneration,BCBGeneration
Nokia,诺基亚
NAUTICA,诺帝卡
Nunn Bush,诺布什
Noble Mount,诺布尔山
Nordic Naturals,挪帝克
Nuby,努比
Hello Kitty,hello kitty
NIXON,尼克松
Nikon,尼康
NICHICON,尼吉康
Nivea,妮维雅
Southpole,南极
Nike,耐克
Nalgene,耐洁
Naturalizer,娜然
Makita,牧田
Deer Stags,牡鹿
Majestic,莫扎迪斯
Beats,魔音耳机
Monster,魔声
Motorola,摩托罗拉
Movado,摩凡陀
Moen,摩恩
3M,明尼苏达矿务及制造业公司
Minnie Rose,明妮罗斯
Baume & Mercier,名士
Mustela,妙思乐
Tom's of Maine,缅因汤姆
Milry,米莱恩
Uncle Milton,米尔顿叔叔
Mephisto,靡菲斯特
Minnetonka,迷你唐卡
Mammut,猛犸象
Moncler,蒙克莱
Maidenform,媚登峰
Enfagrow,美赞臣Enfagrow
Enfamil,美赞臣
The Body Shop,美体小铺
Mattel,美泰儿
Buffalo,美禄可集团
Mizuno,美津浓
Mega Bloks,美家宝
Mad Catz,美加狮
Doc Johnson,美国詹森博士
Burt's Bees,美国小蜜蜂
MEElectronics,美国迷籁
U.S. Polo Assn.,美国马球协会
Gerber Graduates,美国嘉宝
Benchmade,美国蝴蝶刀
Irobot,iRobot
Crucial,美光固态硬盘
Meguiar's,美光
Mido,美度
Medela,美德乐
Maybelline,美宝莲
Melissa & Doug,梅利莎道格
MANGO,芒果
Marvel,漫威
Manhattan Toy,曼哈顿玩具
Manfrotto,曼富图
Munchkin,麦肯奇
Michael Antonio,麦克安东尼
Merrell,迈乐
McDavid,迈克达威
Michael Kors,迈克科尔斯
Maclaren,玛格罗兰
Mavic,马威克
Marc Jacobs,马克雅可布
Magnum,马格南
Dr. Martens,马丁博士
Madden Girl,马登女郎
Mama Mio,妈妈米欧
Prince Lionheart,妈妈好孩子
Rothschild,罗斯柴尔德
Roland,罗兰
Rockland,罗克兰
Logitech,罗技
Rodenstock,罗敦司得
London Fog,伦敦雾
Revlon,露华浓
Neutrogena,露得清
Louis Vuitton,路易威登
Lewis N. Clark,路易斯克拉克
Luigi Borrelli,路奇博雷里
Luminox,鲁美诺斯
Lamy,凌美
Lenovo these sellers,联想集团
Lenovo,联想
LeSportsac,力士保
La Roche-Posay,理肤泉
Levi's,李维斯
Lee,李
Nuxe,黎可诗
Razer,雷蛇
Ray-Ban,雷朋
Remington,雷名顿
Raymond Weil,雷蒙威
Lexar,雷克沙
Radio Flyer,雷福
Rado,雷达表
LG,乐喜金星
The North Face,乐斯菲斯
The North Face,北面
The North Face,北脸
Lowepro,乐摄宝
LEGO,乐高
Rockport,乐步
Norrona,老人头
Rolex,劳力士
Longines,浪琴
Jack Wolfskin,狼爪
Sapphire Technology,蓝宝科技
Lancome,兰蔻
Leatherman,莱泽曼
LaCie,莱斯
La Prairie,莱珀妮
Leica,莱卡
Nature Made,莱萃美
La Sportiva,拉思珀蒂瓦
Lamaze,拉玛泽
Lacoste,拉科斯特
Polo Ralph Lauren,拉夫劳伦马球
RALPH LAUREN,拉尔夫劳伦
La Tourangelle,拉杜蓝乔
Converse,匡威
Happy Baby,快乐宝贝
Quinny,酷尼
Cooler Master,酷冷至尊
Skullcandy,骷髅头
Coach,蔻驰
Crooks & Castles,克鲁克斯城堡
Christian Dior,克里斯汀迪奥
Cole Haan,可汗
Bunnies by the Bay,可爱兔兔
Kiehl's,科颜氏
Coppertone,科普特
Clarisonic,科莱丽
Keen,科恩
Kirkland Signature,柯克兰
Frederique Constant,康斯登
Conair,康耐尔
Contigo,康迪克
kate spade new york,凯特丝蓓纽约
kate spade,凯特丝蓓
Case Logic,凯思智品
Kenneth Cole,凯尼斯柯尔
Kershaw,卡秀
G-Shock,卡西欧运动手表
Casio,卡西欧
Caterpillar,卡特彼勒公司
KATA,卡塔
Kerastase,卡诗
crocs,卡骆驰
Caravelle by Bulova,卡拉维里宝路华牌手表
Calphalon,卡福莱
Calvin Klein Jeans,卡尔文克莱恩牛仔裤
Carlson,卡尔森
Cartier,卡地亚
Juicy Couture,橘滋
Nine West,玖熙
Seiko,精工
Kyosho,京商
Kingston,金士顿
Gold Toe,金脚趾
Gitzo,捷信
GN Netcom,大北欧通讯
Jabra,捷波朗
Waterpik,洁碧
Klipsch,杰士音响
Jarrow,杰诺
Jack Georges,杰克乔治
Jack Spade,杰克黑桃
Geoffrey Beene,杰弗里比尼
Similac,接近哺乳
Clarins,娇韵诗
Guerlain,娇兰
Geox,健乐士
GNC,健安喜
Gerber,嘉宝
Canon,佳能
Glad,佳能保鲜纸
Crest,佳洁士
California Baby,加州宝宝
Canada Goose,加拿大鹅
Gigabyte,技嘉
Givenchy,纪梵希
Kipling,吉普林
Jeep,吉普
Gillette Venus,吉列维纳斯
Gillette,吉列
Badgley Mischka,吉雷米其卡
Gerry,吉蓝
Ghirardelli,吉尔德利
Honeywell,霍尼韦尔
Hollister,霍利斯特
HP,惠普
Wilton,惠尔通
Crayola,绘儿乐
Fossil,化石
ASUS Google,华硕谷歌
Asus,华硕
Tiger Corporation,虎牌
Hoover,胡佛
HOBO,候补
Acer,宏碁
HTC,宏达国际
Red Wing,红翼
Marc Ecko,红犀牛
Hanes,恒适
Black Diamond,黑钻
BLACKHAWK!,黑鹰
BlackBerry,黑莓
Halo,赫拉
Comotomo,和母亲一样
Hart Schaffner Marx,浩狮迈
Hershey's,好时
Huggies,好奇
TAG Heuer,豪雅
Hansgrohe,汉斯格雅
Hi-Tec,海泰客
Helly Hansen,海丽汉森
La Mer,海蓝之谜
Corsair,海盗船
Playskool,孩之宝
Playskool,儿乐宝
Hasbro,孩之宝
Havaianas,哈瓦那
Hudson,哈德森
Jelly Cat,果冻猫
National Geographic,国家地理
Onitsuka Tiger,鬼冢虎
Crabtree & Evelyn,瑰珀翠
Champion,冠军
Graco,固瑞克
Google Glass,谷歌眼镜
Google,谷歌
Gucci,古驰
GREEN SPROUTS,格林体育
Griffin Technology,格里芬
Columbia,哥伦比亚
Koss,高斯
High Sierra,高山
Coleman,高门
Colgate,高露洁
GODIVA Chocolatier,高迪瓦巧克力
Avalon Organics,高倍保湿玻尿酸爱华浓
Gund,冈德
BabyGanics,甘尼克宝贝
Gap,盖璞
G by GUESS,盖尔斯
Fresh,馥蕾诗
Fujifilm,富士
Florsheim,富乐绅
The First Years,福喜儿
FURLA,芙拉
Fred Perry,弗雷德佩里
FRYE,弗莱
COVERGIRL,封面女郎
Angry Birds,愤怒的小鸟
Fisher-Price,费雪玩具公司
Fisher Price,费雪
Fila,斐乐
Filson,菲尔森
Furby,菲比精灵
Jordan,飞人乔丹
Philips Norelco,飞利浦剃须刀
Sonicare,Sonicare
Philips,飞利浦
Vans,范斯
Versace,范思哲
Vaseline,凡士林
Faconnable,法康娜布
ERGObaby,尔哥宝宝
Takara Tomy,多美
Dove,多芬
D&G,杜嘉班纳
Dunham,杜汉
Toshiba,东芝
Evisu,东京大阪
Nissan,东风日产
Orient,东方双狮
Tenga,典雅
Seventh Generation,第七代 
Disney,迪士尼
Diesel,迪赛
Dior,迪奥
Dermalogica,德美乐嘉
DeLonghi,德龙
DEWALT,得伟
Doublju,得芙璐
Bicycle,单车牌
Tampax,丹碧丝
Dyson,戴森
Dell,戴尔
Big Mouth Toys,大嘴玩具
Paul Frank,大嘴猴
Dahlia,达利娅
Creative Labs,创新科技
Transcend,创见
Trumpette,楚皮特
KitchenAid,厨宝
Blueair,布鲁雅尔
Bruno Magli,布鲁玛尼
Brooks,布鲁克斯
Breda,布雷达
Brooks Brothers,布克兄弟
Buffalo by David Bitton,布法罗
PORTER-CABLE,卜派
Boots,博姿
Bosch,博世
Bushnell,博士能
Braun,博朗
Brica,博莱凯
Bodum,博登
BURBERRY,博柏利
Breville,铂富
Birkenstock,勃肯
Plantronics,缤特力
Ben Sherman,宾舍曼
Pentax,宾得
Invicta,别克展望
PUMA,彪马
Brita,碧然德
Biotherm,碧欧泉
Blistex,碧唇
Bliss,必列斯
PNY,必恩威
Big Agnes,比格尼斯
Playtex,倍儿乐
Bass,贝斯
Pigeon,贝亲
Betsey Johnson,贝齐约翰逊
Benefit Cosmetics,贝玲妃 
Belli,贝利
Borghese,贝佳斯
Badger,贝吉獾天然草本软膏
BELKIN,贝尔金
Bear Grylls,贝尔格里尔斯刀
Beaba,贝儿宝
Rampage,暴走
GEMS-INDIA,宝石印度
Bostonian,宝狮东尼
BMW,宝马
Bulova,宝路华
Polaroid,宝丽莱
BVLGARI,宝格丽
Baby Buddy,宝宝伙伴
Pampers,帮宝适
Bonnie Baby,邦尼
beyerdynamic,拜亚动力
Bayer,拜耳
botkier,柏柯尔
Bachmann Trains,百万城
Breitling,百年灵
Black & Decker,百得
Britax,百代适
Bobbi Brown,芭比波朗
Patagonia,巴塔哥尼亚
Barnes & Noble,巴诺书店
Rothco,巴拿马底
Buxton,巴克斯顿
Babo Botanicals,巴博植物萃取
Oster,奥士达
Olympus,奥林巴斯
Aune,奥莱尔
OGIO,奥吉奥
Aldo,奥尔多
Safety 1st,安全第一
Onkyo,安桥
Emporio Armani,安普里奥阿玛尼
Anna Sui,安娜苏
Anne Klein,安娜 克莱因
Under Armour,安德玛
Aerosoles,爱柔仕
Epson,爱普生
Hermes,爱马仕
AKG,爱科技
ECCO,爱步
Ash,艾熙
Aveeno,艾唯诺
EYKI,艾奇
Maurice Lacroix,艾美表
ELIE TAHARI,艾利塔哈瑞 
Elemis,艾丽美
Ella's Kitchen,艾拉的厨房
Eddie Bauer,艾迪堡
Ardell,艾戴尔
Amico,埃美柯
Ed Hardy,埃德哈迪
Avalon,阿瓦隆
Asolo,阿索罗
Armitron,阿美神
Alpha Industries,阿尔法工业
adidas,阿迪达斯
Abercrombie & Fitch,阿贝克隆比费奇
Young Hearts,Young Hearts
X-Label,X-Label
XADO Chemical Group,XADO化工集团
Woman Within,Woman Within
Williams Cashmere,Williams Cashmere
WeSC,WeSC
WARMEN,WARMEN
VIZIO,Vizio
Vitamins Baby,Vitamins Baby
USAGSS,USAGSS
Urban Republic,Urban Republic
Ukala,Ukala
UGG,UGG
Ultimate Ears,UE
Ty,Ty
Tri-Mountain,Tri-Mountain
Trend Lab,Trend Lab
Traditional Medicinals,Traditional Medicinals
Toysmith,Toysmith
Tiny Love,天爱
Timbuk2,Timbuk2
Thinkbaby,Thinkbaby
these sellers,these sellers
Therm-A-Rest,Therm-A-Rest
The Mountain,The Mountain
Teva,TEVA
Tangle Teezer,Tangle Teezer 
Swim Ways,Swim Ways
SuperJeweler,SuperJeweler
Summer Infant,Summer Infant
Step2,Step2
Star K,Star K
Sprout,Sprout
Splendid,智能靓彩技术
Speck,Speck
SPANX,spanx
Sorel,Sorel
SlideBelts,SlideBelts
Skip Hop,Skip Hop
Skinomi,Skinomi
Shun,Shun
See Kai Run,see kai run
Sassy,Sassy
Sanuk,Sanuk
Sakkas,Sakkas
S,S  
Russell Athletic,Russell Athletic
Robeez,Robeez
Red Wing Shoes,Red Wing 
Rating Pending,Rating Pending
RAB,RAB
Qupid,Qupid
PUR,PUR
Port Authority,Port Authority
Pompeii3 Inc.,Pompeii3 Inc.
Poetic,Poetic
Pink Platinum,Pink Platinum
Piel Leather,Piel Leather
Physicians Formula,Physicians Formula 
Pacsafe,Pacsafe
OXO,OXO
OXO tot,OXO tot
Other,Other
Offspring - Baby Apparel,Offspring - Baby Apparel
NUK,NUK
Nudie Jeans,Nudie Jeans
Now Foods,Now Foods
Norpro,Norpro
Norelco,Norelco
Nordic Pure,Nordic Pure
Noodle & Boo,Noodle & Boo
niceEshop,niceEshop
Nevados,Nevados
Nerf,Nerf
NEFF,NEFF
NECA,NECA
Nature's Way,Nature's Way
MyJewelryBox,MyJewelryBox
Mundo Unico,Mundo Unico
Mundi,Mundi
Mud Pie,Mud Pie
MSR,MSR
Moleskine,moleskine
MODERM,MODERM
Miz Mooz,Miz Mooz
Miss sixty,Miss sixty
MG Collection,MG
MBT,MBT
Mavea,Mavea
Matrix,Matrix
Martin Archery,Martin Archery
Marc New York by Andrew Marc,Marc New York by Andrew Marc
Manitobah Mukluks,Manitobah Mukluks
MAM,MAM
Magnificent Baby,Magnificent Baby
M.A.C,M.A.C
Luvable Friends,Luvable Friends
Lugz,Lugz
Luciano Natazzi,Luciano Natazzi
LRG,LRG
Lowa,Lowa
Lodge,Lodge
Little Me,Little Me
Linksys,Linksys
Lil Characters,Lil Characters
Les Tresors de Lily,Les Tresors de Lily
Leg Avenue,Leg Avenue
Learning Resources,Learning Resources
Leachco,Leachco
La Regis Pearl & Gemstones,La Regis Pearl Gemstones
Kushies,Kushies
Klean Kanteen,Klean Kanteen
Kiss My Face,Kiss My Face
Kids Preferred,Kids Preferred
Kids Headquarters,Kids Headquarters
KicKee Pants,KicKee Pants
kensie,kensie
Kenneth Cole REACTION,Kenneth Cole REACTION
Kenneth Cole New York,Kenneth Cole New York
Julbo,Julbo
juDanzy,juDanzy
Johan Eric,johan eric
Jessie G.,Jessie G.
Jefferies Socks,Jefferies Socks
J-Doll,J-Doll
JD Fisk,JD Fisk
JBW,JBW
Izod Kids,Izod Kids
IXtreme,Ixtreme
INCOTEX,INCOTEX
IIIbeca,iiibeca
iHome,iHome
i-Blason,i-Blason
i play.,i play.
Haurex,haurex手表
Hatley,Hatley
Hartstrings,hartstrings
Harbinger,Harbinger
Handmade,Handmade
Hamilton,Hamilton
Gunnar Optiks,Gunnar Optiks
GUESS,GUESS
G-Star,G-Star
Green Toys,Green Toys
GPM Racing,gpm
Gore Bike Wear,Gore Bike Wear
GoPro,GoPro
GoodNites,GoodNites
Gerber Blades,Gerber Blades
Generic,Generic
Garmont,Garmont
Garmin,Garmin
French Connection,French Connection
Franco Sarto,Franco Sarto
FitFlop,fitflop
Fitbit,fitbit
FineDiamonds9,FineDiamonds9
Fashion Plaza,Fashion Plaza
ExOfficio,Ex Officio
Everyone 10+,Everyone 10+
Everyone,Everyone
Evenflo,Evenflo
Emitations,emitations
Ema Jane,Ema Jane
e.l.f.,e.l.f.
DV by Dolce Vita,DV by Dolce Vita
Donald J Pliner,Donald J Pliner
Dogeared,Dogeared
DKNY Jeans,DKNY
DG Eyewear,DG眼镜
DC Comics,DC漫画
DC,DC
Darya Trading,Darya Trading
CW-X,CW-X
Culturelle,Culturelle
Computer Upgrade King,Computer Upgrade King
Company 81,Company 81
Cloud b,Cloud b
Calvin Klein,CK
Christopher Fischer,Christopher Fischer
Chinese Laundry,chinese laundry
Change,Change
CeraVe,CeraVe
Carter's,Carter's
Capezio,Capezio
Bundle Monster,Bundle Monster
Bumkins,Bumkins
Bugaboo,bugaboo
Brilliantrocks Diamonds,Brilliantrocks Diamonds
Bright Starts,bright starts
Breckelles,Breckelles
Boutique 9,Boutique 9
Boston Harbour,Boston Harbour
BornFree,BornFree
Boppy,Boppy
Boon,Boon
Bonnie Jean,Bonnie Jean
Bling Jewelry,Bling Jewelry
Billabong,Billabong
BIG BUDDHA,BIG BUDDHA
Bearpaw,Bearpaw
BCBGMAXAZRIA,BCBGMAXAZRIA
Bath & Body Works,Bath Body Works
Bates,Bates
Barska,Barska
Babysoy,Babysoy
Baby Jogger,Baby Jogger
Baby Banz,Baby Banz
B+W,B+W
Ash City,Ash City
Area Forte,Area Forte
Arco Iris Jewelry,Arco Iris Jewelry
APC-Landing Products,APC-Landing Products
Always,Always
Alpha Hydrox,Alpha Hydrox
Allen Edmonds,Allen Edmonds
Alex Toys,Alex Toys
ACORN,Acorn
AB,AB
American Apparel,AA
4M,4M
2(X)IST,2(X)IST
Jessica Simpson,杰西卡辛普森
Dr. Brown's,布朗博士
5.11,5.11
